Date,Open,High,Low,Close,Volume,Dividends,Stock Splits,daily_return,cum_return,middle_band,upper_band,lower_band,Conversion,Baseline,SpanA,SpanB,Lagging
2020-11-25,29.56418091396116,30.5496536110932,26.115026473999023,26.115026473999023,1200,0.0,0,,,,,,,,,,19.28569984436035
2020-11-27,25.96720759918584,25.96720759918584,21.97604179382324,21.97604179382324,5200,0.0,0,-0.1584905412329064,0.8415094587670936,,,,,,,,20.547107696533203
2020-11-30,22.94969165091491,23.15861178816961,18.91122436523437,18.91122436523437,65100,0.0,0,-0.13946175827943175,0.7241510700386617,,,,,,,,21.059551239013672
2020-12-01,21.384759606419102,21.78880328694056,16.49681374796326,18.142553329467773,8782600,0.0,0,-0.040646286084982,0.6947170184771244,,,,,,,,19.89669609069824
2020-12-02,17.866619082584567,18.3297924508892,17.009258892967033,17.98487663269043,2105400,0.0,0,-0.008690987090622992,0.6886792418379036,,,,,,,,20.212045669555664
2020-12-03,18.12284266938921,18.86194720735308,17.76807376932178,18.47761344909668,1555600,0.0,0,0.027397286424007072,0.7075471842808048,,,,,,,,20.547107696533203
2020-12-04,18.47761555721885,19.039334769415863,18.388922852172986,18.72398376464844,1390600,0.0,0,0.01333344894515065,0.716981228538698,,,,,,,,21.187664031982425
2020-12-07,18.714127963530093,18.93093129958207,17.492141935560436,17.738510131835938,1481500,0.0,0,-0.052631621838570175,0.6792453436528957,,,,,,,,22.15342712402344
2020-12-08,17.4921386625888,17.76807166745772,16.33913564457341,16.979692459106445,3246400,0.0,0,-0.04277798231586627,0.6501885983539776,,,,23.444394627833304,,,,21.158098220825195
2020-12-09,17.196499564865256,17.442867742702063,16.70376320919164,17.0388240814209,1793400,0.0,0,0.0034824907728372434,0.6524528741483493,,,,21.153171621879626,,,,20.7639102935791
2020-12-10,16.851582701236993,17.442866667526694,16.841727749174172,17.364028930664062,728800,0.0,0,0.019086108741375396,0.6649056606529676,,,,19.74887371637151,,,,20.26131820678711
2020-12-11,17.216207732606147,17.531560581736667,17.068387200612488,17.462575912475586,844500,0.0,0,0.005675352316275806,0.6686792345342594,,,,19.063969465756983,,,,19.89669609069824
2020-12-14,17.817349159933624,18.29037567966382,17.689238515705142,17.718801498413086,1038500,0.0,0,0.014672840205347315,0.6784906580912146,,,,17.68923520699464,,,,20.399288177490234
2020-12-15,17.748362858444338,18.00458597598063,17.18664374215475,17.728652954101562,964100,0.0,0,0.0005559888285535663,0.6788678913173912,,,,17.68923520699464,,,,20.58652687072754
2020-12-16,17.738509177012418,18.132697893906904,17.63996152787878,17.76807403564453,542400,0.0,0,0.0022235801921910436,0.680377408513639,,,,17.68923520699464,,,,19.039331436157227
2020-12-17,17.620251358016976,18.546596238564234,17.275337410679203,18.47761344909668,670900,0.0,0,0.03993338906787214,0.7075471842808048,,,,17.63503347207774,,,,17.748361587524414
2020-12-18,18.53674183038968,18.704272272435304,17.26548296515879,17.89618492126465,1919800,0.0,0,-0.03146664635201879,0.685283047255674,,,,17.521703958504357,,,,17.20635223388672
2020-12-21,17.570976220421457,17.925746954627368,17.12751280266407,17.748361587524414,674300,0.0,0,-0.008260047288882633,0.6796225768790726,,,,17.70401774081347,,,,16.69390869140625
2020-12-22,17.797639354013185,17.797639354013185,16.851586309114293,16.881149291992188,768000,0.0,0,-0.04886154089523409,0.6464151705455714,,,,17.773000010804736,,,,17.6990909576416
2020-12-23,16.959984640639497,17.196499747964342,16.280009815910716,16.506668090820312,798700,0.0,0,-0.022183394903658282,0.6320754875456434,18.382022857666016,22.577666374705995,14.186379340626036,17.49214104417301,,,,18.093280792236328
2020-12-24,16.516522090216203,16.81216313784697,16.299718780596304,16.536231994628906,356600,0.0,0,0.0017910279437334253,0.6332075524063865,17.90308313369751,20.199579820186454,15.606586447208567,17.49214104417301,,,,17.728652954101562
2020-12-28,16.733325861033254,16.891001341400777,15.96465836415158,16.13218879699707,1187400,0.0,0,-0.024433812839773417,0.6177358775821579,17.610890483856203,19.097030562449344,16.12475040526306,17.334465318293443,,,,18.68456268310547
2020-12-29,16.161751895783958,16.753035891408736,16.14204199068046,16.674198150634766,474900,0.0,0,0.03359800461414064,0.6384905704474835,17.49903917312622,18.910968850526007,16.087109495726434,17.334465318293443,,,,19.34482955932617
2020-12-30,16.831875057905112,18.034151176455417,16.762892263839788,17.856767654418945,413800,0.0,0,0.07092212129787856,0.6837736761323115,17.48474988937378,18.87574416683606,16.0937556119115,17.334465318293443,,,,19.295557022094727
2020-12-31,17.807492525574162,19.098461318725658,17.659671987061266,18.68456268310547,541700,0.0,0,0.04635749564012914,0.7154717113424502,17.519734191894532,18.99296359998802,16.046504783801044,17.531559841438618,,,,20.350011825561523
2021-01-04,18.852092225007304,18.97034977793736,17.72865393055193,18.536741256713867,555600,0.0,0,-0.007911420186743845,0.7098113140022915,17.52269058227539,19.00389932895454,16.041481835596244,17.531559841438618,23.25715598762239,,,19.827709197998047
2021-01-05,18.379064913094297,19.69959844080007,18.26080924533435,19.28569984436035,528400,0.0,0,0.04040400506616648,0.7384905339292623,17.550776386260985,19.140573390374982,15.96097938214699,17.832128402475824,20.96593298166871,,,19.65032768249512
2021-01-06,19.364539616872527,20.625945443201235,19.364539616872527,20.547107696533203,1230900,0.0,0,0.06540638205264404,0.7867925279337008,17.69120626449585,19.754175038664606,15.628237490327095,18.295301903676407,19.561635076160595,,,19.67989158630371
2021-01-07,20.694925533524305,21.3256274244898,20.59637789315097,21.059551239013672,984400,0.0,0,0.024939935588449202,0.8064150829018404,17.89519920349121,20.401031890557544,15.389366516424877,18.64514289432069,18.87673082554607,,,19.96567726135254
2021-01-08,21.43403311172254,21.43403311172254,19.798148436095623,19.89669609069824,487900,0.0,0,-0.055217470454033135,0.7618868818880213,18.038092803955077,20.656931591857845,15.41925401605231,18.699345737937062,18.699345737937062,,,20.212045669555664
2021-01-11,19.827711911061957,20.25146360085859,19.334975552115125,20.212045669555664,511700,0.0,0,0.01584934390211923,0.7739622890935779,18.18049364089966,20.944550663893345,15.416436617905973,18.7880375512015,18.699345737937062,,,20.182483673095703
2021-01-12,20.271174643375005,20.59638058333567,19.955823656702865,20.547107696533203,548000,0.0,0,0.01657734365216812,0.7867925279337008,18.33472023010254,21.262526919575492,15.40691354062959,19.098462687781165,18.699345737937062,,,20.862459182739254
2021-01-13,20.40913966067303,21.35519447393254,20.37957668127248,21.187664031982425,587300,0.0,0,0.03117501231364539,0.8113207946803181,18.508163356781004,21.673503985992955,15.342822727569052,19.546852549391904,18.699345737937062,,,22.09429931640625
2021-01-14,21.29606687811793,22.65601845559982,20.75405573403825,22.15342712402344,783600,0.0,0,0.04558138596983663,0.8483019209679963,18.7294020652771,22.24867431835145,15.210129812202748,20.192336193075874,19.3103384098757,,,20.625946044921875
2021-01-15,21.808510053329968,22.38008414491416,20.586524129241003,21.158098220825195,669000,0.0,0,-0.04492889057869065,0.8101886567831321,18.89890327453613,22.542372841503195,15.25543370756907,20.458413850467085,19.3103384098757,,,21.808513641357425
2021-01-19,21.43403205631196,21.522724753123075,20.675217596767983,20.7639102935791,366800,0.0,0,-0.01863059350287488,0.7950943612579654,19.013218116760253,22.740067573114235,15.286368660406271,20.995497003857473,19.3103384098757,,,21.84793281555176
2021-01-20,20.704781674104638,21.02998759025748,20.005095078963656,20.26131820678711,408600,0.0,0,-0.024205078893420717,0.7758490395160024,19.131474781036378,22.85914600945491,15.403803552617843,20.995497003857473,19.3103384098757,,,21.640979766845703
2021-01-21,20.44856032497668,20.487980138673795,19.88684113727396,19.89669609069824,364400,0.0,0,-0.017995972047205155,0.7618868818880214,19.238891506195067,22.92406179197342,15.553721220416715,20.995497003857473,19.3103384098757,,,21.89720344543457
2021-01-22,19.640473653055885,20.399288177490234,19.2364299462044,20.399288177490234,299300,0.0,0,0.02526007757775206,0.7811322036299845,19.41479845046997,22.964959496310275,15.864637404629665,20.94622420090211,19.3103384098757,,,21.44388961791992
2021-01-25,20.26132091116781,21.17781094619257,20.212048021395837,20.58652687072754,315600,0.0,0,0.009178687589889378,0.7883019720935059,19.618791389465333,22.935868866036785,16.30171391289388,20.94622420090211,19.3103384098757,,,21.808513641357425
2021-01-26,20.586523207202227,20.754053634110026,18.92107576989285,19.039331436157227,305000,0.0,0,-0.07515572900110246,0.7290565627078118,19.74394636154175,22.75829748637755,16.729595236705947,20.788547112746336,19.3103384098757,,,22.76442146301269
2021-01-27,18.694414372553776,18.89150964258813,17.639959001041543,17.748361587524414,482600,0.0,0,-0.0678054191640971,0.6796225768790728,19.824755001068116,22.513170487577007,17.136339514559225,20.147988728320684,19.3103384098757,,,23.61192512512207
2021-01-28,17.846910984933988,17.93560367724392,16.83187343940922,17.20635223388672,615700,0.0,0,-0.030538557092429364,0.6588678840137473,19.851362705230713,22.4211872582062,17.281538152255226,19.605978792161693,19.3103384098757,,,24.40030288696289
2021-01-29,17.1767901069889,17.5512689200146,16.51652329800036,16.69390869140625,502900,0.0,0,-0.02978223016214021,0.6392453290456076,19.793219757080077,22.586366091415023,17.000073422745132,19.01962402556172,19.3103384098757,,,24.10466194152832
2021-02-01,16.851585609990323,18.09328158963595,16.39826713505292,17.6990909576416,463800,0.0,0,0.0602125173209318,0.677735899493091,19.743946170806886,22.64739413920778,16.840498202405993,18.788039040622742,19.3103384098757,,,23.69076538085937
2021-02-02,17.92575034491413,18.44804971389968,17.74836494426238,18.093280792236328,305900,0.0,0,0.022271755964084372,0.6928302680547003,19.721773147583008,22.668681245401693,16.774865049764323,18.788039040622742,19.3103384098757,,,24.045534133911133
2021-02-03,18.10313361805457,18.284460602800262,17.630105312027613,17.728652954101562,249700,0.0,0,-0.020152665639900147,0.6788678913173916,19.643920803070067,22.713857774885593,16.57398383125454,18.788039040622742,19.3103384098757,,,25.02115249633789
2021-02-04,17.738509732910817,18.70427258947789,17.531561354920786,18.68456268310547,332000,0.0,0,0.05391891484811051,0.7154717113424504,19.55079355239868,22.618463002126667,16.483124102670693,18.788039040622742,19.39903022314014,,,26.115026473999023
2021-02-05,19.029478575115064,19.354684512537784,18.3593567938464,19.34482955932617,362600,0.0,0,0.03533756114172859,0.7407547366871914,19.465057468414308,22.453233236372455,16.47688170045616,18.57616038458147,19.52714279532637,,,26.44023323059082
2021-02-08,19.571490078092992,20.103644403669453,19.10831666696589,19.295557022094727,342100,0.0,0,-0.002547064944683708,0.738867986264767,19.435000514984132,22.417227846656594,16.45277318331167,18.250955769361184,19.52714279532637,,,26.232511520385746
2021-02-09,19.21671854377947,20.47812433511851,18.950640451290443,20.350011825561523,373600,0.0,0,0.05464754410869688,0.7792453071346749,19.441898822784424,22.431997125123665,16.451800520445182,18.438195735085714,19.52714279532637,,,25.777498245239254
2021-02-10,20.448556098277745,20.625941463969024,19.610904026757687,19.827709197998047,271700,0.0,0,-0.02566596186973291,0.7592452267945881,19.405928897857667,22.35865305479775,16.453204740917585,18.512104299510973,19.52714279532637,20.394357914530502,,25.579666137695312
2021-02-11,19.66018263581332,19.75872840971502,19.02947878092956,19.65032768249512,547300,0.0,0,-0.008946142680004376,0.7524529106665714,19.329062080383302,22.16893838771675,16.489185773049854,18.512104299510973,19.52714279532637,19.399030692072266,,25.18400001525879
2021-02-12,19.49265310339205,19.906551763978214,19.285702833278847,19.67989158630371,250200,0.0,0,0.00150449927788876,0.7535849755273145,19.205385303497316,21.73818148880339,16.67258911819124,19.078751409444905,19.52714279532637,18.9284684899185,,23.759611129760746
2021-02-16,19.73901898994724,20.054369955318094,19.216717778776747,19.96567726135254,434000,0.0,0,0.014521709827290064,0.7645283178721277,19.14576425552368,21.542968953303202,16.74855955774416,19.078751409444905,19.52714279532637,18.76093685993338,,24.125598907470703
2021-02-17,19.975532442817997,20.44855889629333,19.86712984236488,20.212045669555664,280600,0.0,0,0.01233959684803776,0.7739622890935782,19.11817102432251,21.45140478721669,16.784937261428333,19.078751409444905,19.52714279532637,18.699345737937062,,25.193893432617188
2021-02-18,20.182483673095703,20.290886288919616,20.054373028645877,20.182483673095703,136400,0.0,0,-0.0014625929974266816,0.7728302972692777,19.11422929763794,21.439897186375404,16.788561408900478,19.49264912890771,19.52714279532637,18.74369164456928,,25.708255767822266
2021-02-19,20.20219233371988,20.990569819277265,20.05437179013289,20.862459182739254,295900,0.0,0,0.03369136924163563,0.7988680081756999,19.16251745223999,21.590163208888505,16.734871695591472,19.970605135283854,19.52714279532637,18.898904212859115,,24.659748077392575
2021-02-22,20.783620623044865,22.10415426954612,20.714637830705865,22.09429931640625,482000,0.0,0,0.05904577801097255,0.8460377912465101,19.24726800918579,21.94783047659092,16.546705541780664,20.527397360418284,19.52714279532637,19.123099143664483,,24.90703773498535
2021-02-23,21.95633470344152,22.61660155591333,20.468270546985934,20.625946044921875,616900,0.0,0,-0.06645846742892814,0.7898114162533116,19.249238967895508,21.953806266888343,16.544671668902673,20.823040168421443,19.507434345483126,19.751337301475786,,25.4016170501709
2021-02-24,20.744203024004804,21.808513641357425,20.14306585544881,21.808513641357425,301300,0.0,0,0.057333980892803726,0.8350944489016973,19.387698078155516,22.312175905015284,16.46322025129575,20.823040168421443,19.507434345483126,19.884376130171393,,25.7280387878418
2021-02-25,21.739530202274352,22.902388447700243,21.54243676316301,21.84793281555176,235800,0.0,0,0.0018075131044044124,0.8366038930615025,19.592676639556885,22.603174990249332,16.582178288864437,21.059553113238493,19.650327791376583,20.15291770686659,,26.28196907043457
2021-02-26,21.946477659686185,22.08444323733026,21.47837774742805,21.640979766845703,405700,0.0,0,-0.009472431577542406,0.8286792199269718,19.814408016204833,22.740361962156776,16.88845407025289,21.059553113238493,19.650327791376583,20.15291770686659,,25.7280387878418
2021-03-01,22.13371667574208,22.547615298690243,21.77894777010085,21.89720344543457,439600,0.0,0,0.011839744842856215,0.8384905704474843,20.07457275390625,22.75706822364702,17.392077284165477,21.38475914503256,19.650327791376583,20.15291770686659,,24.88725471496582
2021-03-02,21.946481001110268,22.251977060823503,21.3256320479056,21.44388961791992,226200,0.0,0,-0.02070190509232195,0.8211322182372736,20.261812686920166,22.770235471407354,17.75338990243298,21.47838011891657,19.650327791376583,20.128281305388903,,24.669639587402344
2021-03-03,21.69025795034064,22.19284933626276,21.503017579983705,21.808513641357425,366500,0.0,0,0.017003632733345375,0.8350944489016974,20.44757432937622,22.832010674208973,18.063137984543467,21.47838011891657,19.650327791376583,20.128281305388903,,24.382783889770508
2021-03-04,21.838076528840745,22.87282219003399,21.838076528840745,22.76442146301269,687100,0.0,0,0.04383186481092838,0.8716981958903133,20.699362754821777,22.939850914732,18.458874594911556,21.52272715157453,19.650327791376583,20.04944276131102,,24.61028861999512
2021-03-05,23.09948074671102,23.690764746028403,22.872820595885344,23.61192512512207,306800,0.0,0,0.03722930817663839,0.9041509166621334,20.945730876922607,23.326643662037657,18.564818091807556,21.91691530073861,20.044515940540663,19.72916356909819,,23.927770614624023
2021-03-08,23.65134345208992,24.76394178127672,23.65134345208992,24.40030288696289,341000,0.0,0,0.03338896585785034,0.9343395807489094,21.198504543304445,23.90130386692408,18.495705219684808,22.453503818362766,20.58110445816482,19.458158601018695,,24.590505599975582
2021-03-09,24.34117704951596,24.78463864780265,23.91742347719485,24.10466194152832,352300,0.0,0,-0.012116281785687688,0.9230188591050343,21.438959789276122,24.275646051215237,18.602273527337008,23.055135347854126,20.591452891427785,19.16498121771871,,24.63996315002441
2021-03-10,23.85829394085447,24.00611635437496,22.872821208798225,23.69076538085937,309000,0.0,0,-0.017170809599941883,0.9071698780181862,21.605997467041014,24.55886567836987,18.65312925571216,23.055135347854126,21.158100001361717,19.049188725249223,,25.263134002685547
2021-03-11,23.956841438216752,24.193354666855083,23.3261394951812,24.045534133911133,447000,0.0,0,0.014974980645344305,0.9207547293835479,21.81688871383667,24.834088601738376,18.79968882593496,23.055135347854126,21.158100001361717,19.049188725249223,,25.273025512695312
2021-03-12,24.22292009592438,25.405488146614104,24.203210189830195,25.02115249633789,365300,0.0,0,0.040573786258748745,0.958113234970288,22.08542995452881,25.23800767665744,18.93285223240018,23.365560097259852,21.468524750767443,19.049188725249223,,23.93766212463379
2021-03-15,25.109843871810742,26.27763037125301,24.73536507394217,26.115026473999023,624100,0.0,0,0.043717969338991525,1.000000000000001,22.407186698913574,25.817933272528048,18.9964401252991,23.890323975618358,22.318493582549706,19.09353463188144,,24.728988647460938
2021-03-16,26.055899467958877,26.627473575305896,25.48432536061185,26.44023323059082,268700,0.0,0,0.012452859541060901,1.012452859541062,22.730914497375487,26.376852639702868,19.084976355048106,24.232775052073322,22.78905701329817,19.05165158995392,,24.02668571472168
2021-03-17,26.41056053990657,26.56882591577572,25.77749714975785,26.232511520385746,260700,0.1,0,-0.007856273747417042,1.0044987527201523,23.03193778991699,26.789954175127487,19.273921404706496,24.75014708559562,22.78905701329817,18.889049282343777,,25.500534057617188
2021-03-18,26.21272899071173,26.72115695679958,25.56977563808532,25.777498245239254,212200,0.0,0,-0.01734539503748589,0.9870753250395594,23.31168851852417,27.011511252720332,19.61186578432801,24.796989082798902,22.87531786886457,18.98266926520604,,26.14348793029785
2021-03-19,25.718147868637526,26.123703126401505,25.09497819272549,25.579666137695312,658600,0.0,0,-0.007674604636254023,0.9794999121736788,23.547548866271974,27.193211969363972,19.901885763179976,24.796989082798902,22.87531786886457,19.01962354741867,23.25715598762239,33.78969192504883
2021-03-22,25.52031439687177,26.202834981518343,25.05541011013478,25.18400001525879,257800,0.0,0,-0.015467994003778407,0.9643490134054749,23.702033901214598,27.350156547353222,20.053911255075974,24.796989082798902,22.968937367788165,19.01962354741867,20.96593298166871,31.831153869628903
2021-03-23,24.7388787872148,25.065301339699488,23.670586625749284,23.759611129760746,174200,0.0,0,-0.05655927909128877,0.9098061284148656,23.858717155456542,27.21982035971583,20.497613951197255,25.02364822599039,22.968937367788165,19.302947102385637,19.561635076160595,30.98047637939453
2021-03-24,24.02668446965286,24.47180509984905,23.9079845029307,24.125598907470703,348600,0.0,0,0.015403778105254062,0.9238205801357685,23.974571418762206,27.200601378003604,20.74854145952081,25.19587179127443,23.29414339958223,19.302947102385637,19.3103384098757,30.555137634277344
2021-03-25,23.92777039732613,25.35215881202857,23.433190614997525,25.193893432617188,202000,0.0,0,0.04428053907568197,0.9647278534333896,24.141869449615477,27.253183182904422,21.030555716326532,25.07717378589855,23.387764373466233,19.302947102385637,19.3103384098757,30.37708854675293
2021-03-26,25.470857708781843,26.19294370753048,25.15432696339461,25.708255767822266,394700,0.0,0,0.020416151103471725,0.9844238830628136,24.345233249664307,27.302349455899936,21.38811704342868,25.07717378589855,23.387764373466233,19.509895962117042,19.3103384098757,30.47600555419922
2021-03-29,25.56977494601963,26.311644614356727,24.649856255414093,24.659748077392575,161900,0.0,0,-0.040784863037734986,0.9442742898210215,24.483360481262206,27.217531944264667,21.749189018259745,25.07717378589855,23.432111406124193,19.748873965305112,19.3103384098757,30.644163131713867
2021-03-30,24.541047871876884,25.179056233509048,24.412457960697868,24.90703773498535,241100,0.0,0,0.01002806909529963,0.9537435376442617,24.656517887115477,27.006589451021096,22.306446323209858,25.07717378589855,23.432111406124193,20.027270077872327,19.3103384098757,31.49483871459961
2021-03-31,24.976278150103575,25.72803961983408,24.73888008913691,25.4016170501709,335900,0.0,0,0.019857010715121692,0.9726820332907419,24.836173057556152,26.80202769014156,22.870318424970744,24.872417614677126,23.432111406124193,20.165237256952285,19.3103384098757,31.860828399658203
2021-04-01,25.33237536569229,25.93081640961042,25.33237536569229,25.7280387878418,178600,0.0,0,0.012850431412542829,0.9851814170457572,24.984353923797606,26.73615031982261,23.232557527772602,24.872417614677126,24.023394502352588,20.165237256952285,19.3103384098757,30.950801849365234
2021-04-05,25.985221958649127,26.321536358231096,25.69836478214069,26.28196907043457,227500,0.0,0,0.021530217952506314,1.0063925876775115,25.117856121063234,26.83725436060116,23.398457881525307,24.87736348661431,24.023394502352588,20.354940452307538,19.43352340592591,31.366249084472656
2021-04-06,26.24240217997216,26.88535547679911,25.60933881786093,25.7280387878418,239000,0.0,0,-0.021076437656107894,0.9851814170457573,25.184242916107177,26.89002262299297,23.478463209221385,25.159273045898317,24.105493762352353,20.354940452307538,19.43352340592591,29.16042137145996
2021-04-07,25.81706524219848,26.42045129901494,24.837797490966363,24.88725471496582,332500,0.0,0,-0.03267967993243648,0.9529860036613178,25.223372554779054,26.86217563139831,23.5845694781598,25.159273045898317,24.105493762352353,20.517543468204572,19.43352340592591,30.93101692199707
2021-04-08,24.926821295574243,24.926821295574243,24.2789211142178,24.669639587402344,189800,0.0,0,-0.008744039069629284,0.9446530568124933,25.272316265106202,26.776664723789132,23.767967806423272,25.582138295508454,24.194186528391405,20.564353955146576,19.43352340592591,32.216922760009766
2021-04-09,24.72899012890969,24.80812282185531,24.148353546336534,24.382783889770508,153600,0.0,0,-0.011627883602252531,0.9336687410233656,25.28917875289917,26.744378555084857,23.83397895071348,25.51685451156782,24.361716002819925,20.564353955146576,19.43352340592591,32.375186920166016
2021-04-12,24.511374174951246,24.727009476352105,24.155276135442573,24.61028861999512,127400,0.0,0,0.0093305477854011,0.9423803818272194,25.268635559082032,26.75004112929807,23.787229988865995,25.51685451156782,24.879088036342225,20.586527471475556,19.43352340592591,32.118011474609375
2021-04-13,24.481699447594316,24.630073006305903,23.73982976736418,23.927770614624023,173900,0.0,0,-0.02773303539465899,0.9162453133427728,25.159272766113283,26.697087481702837,23.621458050523728,25.312592622081645,24.879088342798667,20.980715620639636,19.82771155508999,32.73128890991211
2021-04-14,23.91787684286094,24.92681997853291,23.91787684286094,24.590505599975582,227300,0.0,0,0.027697314389436345,0.9416228478442752,25.06678638458252,26.503423971311207,23.630148797853835,25.312592622081645,24.879088342798667,21.517304138263793,20.36430007271415,33.39402389526367
2021-04-15,24.74877129944816,24.88230805919402,24.28386512403545,24.63996315002441,191500,0.0,0,0.0020112457569345654,0.9435166828016346,24.987158966064452,26.328935387724496,23.64538254440441,25.312592622081645,24.879088342798667,21.823294119640956,20.374648505977117,34.3930778503418
2021-04-16,24.72898697835062,25.292807579589496,24.333323564031407,25.263134002685547,236200,0.0,0,0.025291062688156618,0.9673792223736923,24.961440753936767,26.26020695156501,23.662674556308524,25.312592622081645,25.105747485990154,22.10661767460792,20.374648505977117,34.215030670166016
2021-04-19,25.18400100308981,25.61923172930869,24.82790485133991,25.273025512695312,205400,0.0,0,0.0003915393081759255,0.9677579893651643,24.946108722686766,26.222116280533196,23.670101164840336,25.08014053318956,25.159273045898317,22.10661767460792,20.374648505977117,33.839149475097656
2021-04-20,25.273026022298257,25.569775022524244,23.5617804350153,23.93766212463379,163100,0.0,0,-0.05283749614349631,0.9166240803342447,24.883791828155516,26.227915639080905,23.539668017230127,24.590506082161994,25.159273045898317,22.417042424013648,20.685073255382843,35.678985595703125
2021-04-21,23.88820265611284,24.738880469320573,23.75961274528177,24.728988647460938,300900,0.0,0,0.03305780316837237,0.9469256587613245,24.932260704040527,26.175840547399723,23.68868086068133,24.590506082161994,25.159273045898317,23.104408779084032,21.209836180966736,35.73833084106445
2021-04-22,24.808120756674192,25.34226780459561,24.00690207146413,24.02668571472168,287100,0.0,0,-0.028399986054883253,0.9200329832574917,24.927315044403077,26.184548234546394,23.67008185425976,24.590506082161994,25.159273045898317,23.510916032685746,21.51287035517941,35.58007049560547
2021-04-23,24.2739764333881,25.747823946857057,23.917878389147607,25.500534057617188,187300,0.0,0,0.06134214100084767,0.9764697762419033,24.942647075653078,26.22004745945622,23.665246691849934,24.65480219093618,25.159273045898317,23.769602049446895,21.51287035517941,35.68888092041016
2021-04-26,25.47085911585624,26.697416765325936,25.47085911585624,26.14348793029785,268700,0.0,0,0.02521334930585928,1.0010898497969047,24.964408683776856,26.30712348527592,23.621693882277793,25.129598600170617,25.159273045898317,23.836153475831736,21.559712045926247,35.698768615722656
2021-04-27,29.922078023960008,33.88860637612084,29.28901648107249,33.78969192504883,935000,0.0,0,0.29247069155947414,1.2938792904801755,25.42090587615967,29.506133600482222,21.335678151837115,28.72519340556807,28.66089849555918,23.836153475831736,21.559712045926247,35.599853515625
2021-04-28,33.88860372293257,33.88860372293257,31.316790462966956,31.831153869628903,666900,0.0,0,-0.05796258988582348,1.2188826958043129,25.767111682891844,30.71273975966601,20.821483606117678,28.72519340556807,28.66089849555918,23.882963225293533,21.559712045926247,35.78779220581055
2021-04-29,32.65215463757214,33.03793002639237,29.97153319942569,30.98047637939453,624800,0.0,0,-0.026724682797189758,1.186308442391959,26.046054649353028,31.487830624161973,20.604278674544084,28.72519340556807,28.66089849555918,23.99629279688928,21.559712045926247,35.975730895996094
2021-04-30,30.76286211906916,31.79851114779993,30.50568041186944,30.555137634277344,332100,0.0,0,-0.013729251284208321,1.170021315685782,26.287409591674805,32.072545694137034,20.502273489212573,28.72519340556807,28.66089849555918,24.24500759542833,21.559712045926247,36.36149978637695
2021-05-03,30.970584647676187,31.09917644432348,30.16936594909944,30.37708854675293,494100,0.0,0,-0.005827140746526238,1.163203436802845,26.492165565490723,32.54856487582611,20.435766255155336,28.824109560701306,28.72519340556807,24.232469079682392,21.559712045926247,36.74727630615234
2021-05-04,29.991317595581727,30.832103599988447,29.65500319381904,30.47600555419922,332700,0.0,0,0.003256303094815838,1.1669911797540065,26.729563903808593,33.017883376053945,20.44124443156324,28.903242382634225,28.72519340556807,24.232469079682392,21.559712045926247,35.56028366088867
2021-05-05,30.57492226344209,31.24755107523444,30.24849967968077,30.644163131713867,330300,0.0,0,0.0055177039922633675,1.1734302916454713,27.017409324645996,33.46876816159691,20.566050487695076,28.903242382634225,28.72519340556807,24.254642596011372,21.559712045926247,36.15378189086914
2021-05-06,30.881558992834748,32.24659827632528,30.76286090905576,31.49483871459961,467200,0.0,0,0.02775979161934994,1.2060044720213825,27.35866928100586,33.998548253636386,20.71879030837533,29.679732745988538,28.72519340556807,24.254642596011372,21.559712045926247,35.975730895996094
2021-05-07,31.54429764354116,32.503783620527095,31.504732242362596,31.860828399658203,238400,0.0,0,0.011620624203702912,1.220018996778728,27.732571506500243,34.50238373471696,20.96275927828353,31.588811428596664,28.72519340556807,24.15226451040066,21.559712045926247,35.73833084106445
2021-05-10,32.07844308250744,32.26638203024979,30.61448746638036,30.950801849365234,356700,0.0,0,-0.028562551446488116,1.185172141417543,28.04959716796875,34.79844437732973,21.30074995860777,31.771803458375807,28.72519340556807,24.447906058514857,21.559712045926247,35.99623107910156
2021-05-11,29.991317884795425,31.623430799281376,29.88250972827231,31.366249084472656,249700,0.0,0,0.013422826236598517,1.2010805011322478,28.42152109146118,35.03791010309046,21.805132079831896,31.346466610105704,28.72519340556807,24.45037899448345,21.559712045926247,34.53813171386719
2021-05-12,31.04971585025276,31.6135364588272,28.5669252989235,29.16042137145996,858900,0.0,0,-0.07032488032190798,1.1166146586331454,28.650016880035402,35.030330035784544,22.26970372428626,30.535354459725298,28.72519340556807,24.632383404125335,21.641811305926012,34.379425048828125
2021-05-13,29.328577758631567,31.133794536846317,29.26922871900231,30.93101692199707,373800,0.0,0,0.06071913460996958,1.1844145343981565,28.964569568634033,35.137815037005645,22.791324100262422,30.535354459725298,28.72519340556807,24.632383404125335,21.641811305926012,34.696834564208984
2021-05-14,31.168414278588312,32.6224779807484,30.80242445450442,32.216922760009766,247800,0.0,0,0.04157334501014098,1.2336546084717166,29.312259006500245,35.3940936045537,23.230424408446783,30.59470163983595,28.72519340556807,24.888162411949928,21.641811305926012,33.15938186645508
2021-05-17,31.79158271942932,32.765905338513306,31.672884647192067,32.375186920166016,255900,0.0,0,0.004912454281719825,1.2397148803352669,29.66736707687378,35.58993625524495,23.744797898502608,30.666415318718403,28.72519340556807,24.939285257193873,21.641811305926012,33.04035568237305
2021-05-18,32.652154758523324,33.13684459344516,32.0586605437993,32.118011474609375,192700,0.0,0,-0.00794359724287641,1.2298670846298827,30.07638454437256,35.45939638092491,24.69337270782021,30.85188494618433,28.72519340556807,25.197971273955023,21.641811305926012,32.89156723022461
2021-05-19,31.36624770567584,32.78074613160922,31.16841693221533,32.73128890991211,237700,0.0,0,0.019094502030038596,1.2533507841740257,30.476499557495117,35.37272649047915,25.580272624511085,30.85188494618433,28.72519340556807,25.095840482440156,21.641811305926012,32.7130241394043
2021-05-20,32.56312974354052,33.62153390649884,32.31485124619002,33.39402389526367,262600,0.0,0,0.020247750926510655,1.278728318675528,30.944866466522218,34.994049870605075,26.89568306243936,31.09422960271117,28.72519340556807,25.095840482440156,21.641811305926012,33.71485137939453
2021-05-21,33.6116409037827,34.78873940454108,33.17146520789627,34.3930778503418,412800,0.0,0,0.029917147996645577,1.3169842230328457,31.389493656158447,34.85467371176429,27.924313600552605,31.67783235173229,29.175259919778192,25.095840482440156,21.641811305926012,32.534481048583984
2021-05-24,34.32383882975876,34.58299967096935,33.53251190546303,34.215030670166016,246300,0.0,0,-0.005176831830827622,1.3101664171863514,31.793070793151855,34.513122945287876,29.073018641015835,31.67783235173229,29.175259919778192,25.2091700540359,22.208458415859948,31.73103904724121
2021-05-25,34.52167202341091,34.90744366897346,33.76496174940998,33.839149475097656,203800,0.0,0,-0.01098585001112129,1.295773125437534,31.795543670654297,34.523012305772546,29.068075035536047,32.088336193987885,29.23461205199438,25.11970678954394,22.208458415859948,31.90958023071289
2021-05-26,34.16557265226444,35.678985595703125,34.16557265226444,35.678985595703125,242500,0.0,0,0.05437004620814756,1.3662243701428485,31.987935256958007,35.203272530166984,28.772597983749026,33.24070502510377,29.719299170492448,24.874889564030155,22.208458415859948,32.07820510864258
2021-05-27,36.10431876931303,36.41095954740135,35.65919627639248,35.73833084106445,194400,0.0,0,0.001663310892125569,1.3684968260187944,32.2258279800415,35.79629241148123,28.655363548601773,33.78968823980834,30.164418968274475,24.874889564030155,22.622356135322754,30.87800025939941
2021-05-28,36.05486663046901,36.13399743294081,35.00635614097185,35.58007049560547,131100,0.0,0,-0.004428308254316615,1.3624367002281292,32.47707462310791,36.24581741660718,28.70833182960864,33.78968823980834,30.164418968274475,24.874889564030155,22.917997964044776,30.481239318847656
2021-06-01,35.6592035659196,36.10432614983301,35.43169730599596,35.68888092041016,277900,0.0,0,0.00305818463226859,1.3666032832072057,32.74266424179077,36.63011381476448,28.855214668817062,33.78968823980834,30.940909331628795,24.90703761841725,22.917997964044776,29.588523864746094
2021-06-02,35.82736041485873,35.955948440650545,35.461368661421,35.698768615722656,289100,0.0,0,0.0002770525457087558,1.3669819041257922,33.003802394866945,36.9489958851289,29.058608904604988,34.36290539679568,32.48894242316243,25.144435823034467,22.957417128864336,30.550670623779297
2021-06-03,35.48115165398132,35.6987679603172,34.97668194870038,35.599853515625,411000,0.0,0,-0.0027708266680686044,1.3631942342110732,33.2515869140625,37.195335942622506,29.307837885502497,34.791212377648804,32.48894242316243,28.693045950563626,26.4590425785252,30.69945907592773
2021-06-04,35.520718679099225,35.84219628199308,35.15473070842556,35.78779220581055,132700,0.0,0,0.0052791984130793335,1.3703908070490392,33.466234588623045,37.47165658020867,29.460812597037414,34.971735726432186,32.48894242316243,28.693045950563626,26.552662077448794,29.162004470825195
2021-06-07,36.19334719913729,36.20323713412365,35.59985299300837,35.975730895996094,166800,0.0,0,0.0052514748354617335,1.3775873798870053,33.67197971343994,37.74928536312368,29.594674063756194,35.08796064840566,32.48894242316243,28.693045950563626,26.552662077448794,28.49742889404297
2021-06-08,35.88670370233406,36.8362996437637,35.58995662147524,36.36149978637695,173000,0.0,0,0.010723031354000767,1.3923592925544095,33.94251461029053,37.97907586216918,29.90595335841188,35.50093614801407,32.7016124713436,28.693045950563626,26.87786810924286,27.75349998474121
2021-06-09,36.36150093813808,37.0835906813369,35.80757404254751,36.74727630615234,248400,0.0,0,0.010609477662962608,1.407131497367584,34.21156597137451,38.24265803395835,30.180473908790674,36.03013631501864,32.8252579901302,28.77465148313469,26.971489083126865,27.94196128845215
2021-06-10,36.74727577821292,36.78683928922672,35.41190823121917,35.56028366088867,232300,0.0,0,-0.03230151359721145,1.3616790201723004,34.53155908584595,37.85492378056314,31.208194391128753,36.03013631501864,32.8252579901302,28.814217894101148,26.971489083126865,27.148439407348636
2021-06-11,35.619634812117646,36.19334917966799,35.6097448765901,36.15378189086914,161600,0.0,0,0.016689918326867392,1.384405331806385,34.79269733428955,37.73886642479353,31.846528243785574,36.03013631501864,32.8252579901302,28.814217894101148,27.015836115784825,28.30896759033203
2021-06-14,36.10432269088354,36.49998801053225,35.790757792994896,35.975730895996094,207700,0.0,0,-0.0049248235056154055,1.3775873798870055,34.98063774108887,37.71534210606392,32.24593337611382,36.03013631501864,32.8252579901302,29.202463075778304,27.015836115784825,28.745405197143555
2021-06-15,35.82735533964856,35.88670248980882,35.263534773063775,35.73833084106445,187600,0.0,0,-0.006598894560834623,1.3684968260187949,35.148794937133786,37.62019157552141,32.67739829874616,36.03013631501864,32.8252579901302,30.157002417082367,27.015836115784825,27.5749568939209
2021-06-16,35.549873100598184,36.06566412200019,35.34157397190229,35.99623107910156,120000,0.1,0,0.007216348160859587,1.3783723755723778,35.3427059173584,37.40273248929027,33.28267934542653,36.11916069488123,32.8252579901302,30.24849843197194,27.60711921201322,27.0690860748291
2021-06-17,35.91687905512603,35.91687905512603,34.38438765006009,34.53813171386719,408700,0.0,0,-0.040507000914351554,1.3225386444947507,35.43304805755615,37.15431493507896,33.71178118003334,35.733989165698496,32.8252579901302,30.035830007836886,27.60711921201322,27.495603561401367
2021-06-18,34.438940707367266,35.17294824359803,33.685090834473066,34.379425048828125,539700,0.0,0,-0.0045951143609583855,1.3164614281765104,35.48231811523438,37.01096823015177,33.95366800031699,35.38434075790498,33.17640970016961,29.630273932646684,27.60711921201322,29.88609504699707
2021-06-21,34.805944713702324,35.153109931347394,34.300074856017055,34.696834564208984,233000,0.0,0,0.009232542863356619,1.3286157147401056,35.49750595092773,36.98770714029098,34.007304761564484,35.38434075790498,33.94300756792066,29.630273932646684,27.60711921201322,28.40815734863281
2021-06-22,34.468696061630354,34.468696061630354,32.92132302014276,33.15938186645508,273900,0.0,0,-0.04431103635430311,1.2697433755033585,35.444723510742186,37.171633545543116,33.717813475941256,34.854081154684735,34.12600380677611,29.659947522702012,27.695811978052273,28.28912925720215
2021-06-23,32.70310784357312,33.29824930789434,32.21707274678432,33.04035568237305,312400,0.0,0,-0.0035895175779028232,1.2651856093375635,35.40478382110596,37.30830796718651,33.50125967502541,34.35853037865829,34.12600380677611,29.695804362143235,27.863341452480793,28.63629722595215
2021-06-24,33.169299398982226,33.40735824635805,32.58407534065938,32.89156723022461,289300,0.0,0,-0.0045032339717764325,1.259488182520992,35.26541290283203,37.457839743143104,33.07298606252096,34.35853037865829,34.12600380677611,29.788539175876203,28.380713486003092,28.556943893432617
2021-06-25,33.089949072296825,34.458778935251885,32.25674877969161,32.7130241394043,1823700,0.0,0,-0.005428233004848959,1.2526513871994143,35.11414756774902,37.56081676333579,32.66747837216226,34.141368434392255,34.65033171406061,29.788539175876203,28.38071379245953,28.963624954223636
2021-06-28,32.52456466624928,34.09177254123376,32.33610030151252,33.71485137939453,427700,0.0,0,0.030624721081151662,1.2910134865443141,35.02088661193848,37.53146816803756,32.510305055839396,34.141368434392255,34.65033171406061,29.909711504139622,28.38071379245953,27.38649559020996
2021-06-29,33.84379525755723,34.00944319976002,32.39561496336213,32.534481048583984,250700,0.0,0,-0.03501039697692254,1.245814591877837,34.863166618347165,37.57650149146934,32.14983174522499,34.06697590095517,34.65033171406061,30.426546135755242,28.830780306669652,27.733661651611328
2021-06-30,32.29642645658612,32.72294588676683,31.6219288975926,31.73103904724121,301100,0.0,0,-0.024695091959296533,1.2150490859671803,34.664780139923096,37.67233444133199,31.6572258385142,33.39743857059531,34.35275978946475,30.426546135755242,29.057439449861143,27.426170349121094
2021-07-01,31.99885182702128,32.603914448242904,31.691363716039,31.90958023071289,325000,0.0,0,0.0056267046032079104,1.2218858082523154,34.48026647567749,37.68429049624873,31.276242455106253,33.38751941447,34.35275978946475,30.66147412299113,29.170317141985493,26.761594772338867
2021-07-02,32.04844917200827,32.73286220131622,31.572333374865945,32.07820510864258,173200,0.0,0,0.005284459297505428,1.2283428140722243,34.294787120819095,37.60350258301917,30.986071658619014,33.02051471824815,34.327962028101425,31.48000209779811,29.556088105350327,27.634471893310547
2021-07-06,32.06828884800736,32.19723376715211,30.63994329844125,30.87800025939941,275200,0.0,0,-0.037414962750512704,1.1823844134388521,34.039900588989255,37.5717600142344,30.50804116374411,32.54936111684657,33.86176698988908,31.97705360404141,29.922075081199438,28.43791389465332
2021-07-07,30.491158595591266,31.215248770697578,30.17870799984758,30.481239318847656,591900,0.0,0,-0.012849308155277295,1.1671915917525795,33.74588756561279,37.43306090830099,30.058714222924593,32.31874346754973,33.63114934059224,31.97705360404141,29.922075081199438,29.221519470214844
2021-07-08,29.76706705411844,30.649861832783344,28.73548502303758,29.588523864746094,544200,0.0,0,-0.029287373940519723,1.1330076151446913,33.38794994354248,37.22856785805156,29.547332029033395,31.597131979144734,32.90953785218724,32.365298785718565,29.922075081199438,29.0033016204834
2021-07-09,29.95552918833447,30.679619322191893,29.64803730252503,30.550670623779297,315500,0.0,0,0.03251756537201156,1.1698502643371458,33.13746929168701,37.032357453516404,29.24258112985762,31.413628782135667,32.90953785218724,33.425923909979055,29.922075081199438,27.5749568939209
2021-07-12,30.46140022214354,31.026787634995312,30.054719342450756,30.69945907592773,316800,0.0,0,0.004870218856427355,1.175547691153717,32.86475315093994,36.63723839246883,29.092267909411053,31.3724641113988,32.90953785218724,33.640077400405616,29.922075081199438,27.5749568939209
2021-07-13,30.31261403461129,30.481237947851078,28.97850258909348,29.162004470825195,289700,0.0,0,-0.05008083697175292,1.1166752788805272,32.524066829681395,36.3421232816753,28.70601037768749,30.734173612176903,32.90953785218724,33.73033907479731,29.922075081199438,28.001474380493164
2021-07-14,29.13224935153921,29.65696640661578,28.39823802019275,28.49742889404297,249100,0.0,0,-0.02278909110816074,1.091227264211888,32.162021732330324,36.06546275962676,28.258580705033886,30.565550110754486,32.740914350764825,33.78845153578405,29.922075081199438,28.07090759277344
2021-07-15,28.358562608295887,28.75532420902496,27.674147664595395,27.75349998474121,375000,0.0,0,-0.026105123801441144,1.062740641384129,31.749885177612306,35.68779490973352,27.81197544549109,30.20350493295581,32.37886917296615,34.101274309678836,30.13474512938061,27.882448196411133
2021-07-16,28.080827369934894,28.95370474701964,27.783256654783735,27.94196128845215,255900,0.0,0,0.006790541870919098,1.0699572262073753,31.420076656341553,35.47312424039358,27.367029072289526,29.935690715873754,32.23049347691106,34.42769715257442,30.3226855581761,26.692161560058597
2021-07-19,27.069087086751946,27.92212406018915,26.831028233053345,27.148439407348636,280700,0.0,0,-0.02839893280617556,1.0395715828348302,31.058527374267577,35.27957034017151,26.837484408363647,29.02313850187546,31.665508121792797,34.42769715257442,30.3226855581761,27.75349998474121
2021-07-20,27.25754700310013,28.85451454468351,26.850866133439897,28.30896759033203,358400,0.0,0,0.04274750992387655,1.0840106793886422,30.73913402557373,34.77110849195569,26.707159559191773,28.92890793402433,31.665508121792797,34.42769715257442,30.3226855581761,27.317062377929688
2021-07-21,28.566862002194693,29.409981593948437,28.313927070622853,28.745405197143555,224600,0.0,0,0.015416938304757322,1.1007228051544748,30.518435192108154,34.4781324412645,26.558737942951808,28.92890793402433,31.44834617752677,34.42769715257442,30.3226855581761,26.741756439208984
2021-07-22,28.27921039325241,28.46767286376486,27.356738485686016,27.5749568939209,188100,0.0,0,-0.040717752809376395,1.0559038460625516,30.245165252685545,34.22550031853217,26.264830186838918,28.92890793402433,31.44834617752677,34.42769715257442,30.3226855581761,27.36665725708008
2021-07-23,27.63447157443325,27.77333765730908,26.483862022840267,27.0690860748291,361100,0.0,0,-0.018345298635927154,1.0365329746757102,29.95404119491577,33.96949914982668,25.93858324000486,28.48254998534567,31.20037053898315,34.472209342505714,30.3226855581761,27.66422843933105
2021-07-26,27.426170520060037,27.991556018877706,26.781432703722487,27.495603561401367,503500,0.0,0,0.015756626780572214,1.0528652379034316,29.693170166015626,33.634192909987675,25.752147422043578,28.070414214728025,30.82840513321915,34.27962357791435,30.3226855581761,26.30531883239746
2021-07-27,30.352291580199388,30.501076943003063,28.105625601802338,29.88609504699707,653100,0.0,0,0.08694086239123333,1.144402249668507,29.501732349395752,32.98322497012767,26.02023972866383,28.492469482921663,30.81848597709383,34.28037522903729,30.3226855581761,26.68224334716797
2021-07-28,30.312614940781348,30.312614940781348,28.30896836651007,28.40815734863281,408000,0.0,0,-0.04945235220727717,1.0878088665510997,29.295416164398194,32.509573960474974,26.081258368321414,28.492469482921663,30.476279042235312,34.66367416291282,30.3226855581761,26.33507537841797
2021-07-29,28.755323896503494,29.355425929328412,28.24945215160619,28.28912925720215,583600,0.0,0,-0.004189926504908903,1.0832510273488622,29.12332067489624,32.15916412763766,26.087477222154824,28.492469482921663,30.471320479046078,34.49004248073042,30.3226855581761,26.632648468017575
2021-07-30,28.269291555770785,28.983462450829485,28.269291555770785,28.63629722595215,234000,0.0,0,0.012272133426008969,1.0965448284903487,28.959656524658204,31.7139877550047,26.20532529431171,28.492469482921663,30.471320479046078,34.2422670927172,30.3226855581761,26.20612907409668
2021-08-02,28.80492012637215,29.548848825190746,28.517266788046204,28.556943893432617,253900,0.0,0,-0.0027710751810333667,1.0935062203312287,28.783593463897706,31.134639711925466,26.432547215869945,28.492469482921663,30.471320479046078,34.2422670927172,30.3226855581761,26.12677574157715
2021-08-03,28.715648719656336,29.310790169091025,28.38832016570385,28.963624954223636,278900,0.0,0,0.014241056826971743,1.1090789045556129,28.687874698638915,30.834968078601005,26.540781318676824,28.492469482921663,30.28781728203701,34.39585007422643,30.3226855581761,26.47394371032715
2021-08-04,28.408156452345537,29.102490656749627,27.24762761418404,27.38649559020996,168500,0.0,0,-0.05445207105485905,1.0486872612393054,28.53313751220703,30.583829999381482,26.48244502503258,28.492469482921663,30.246652611300142,34.39585007422643,30.3226855581761,26.01766586303711
2021-08-05,27.8427718021426,28.21969674475504,27.505523965871912,27.733661651611328,226600,0.0,0,0.012676541993400292,1.0619809893443495,28.440394401550293,30.45895400089748,26.421834802203104,28.641254823362775,29.608362112078247,34.35865380750789,30.3226855581761,26.35491371154785
2021-08-06,27.951880631856483,28.249451347724225,27.376575860445964,27.426170349121094,135700,0.0,0,-0.01108729551665133,1.050206492282423,28.284169387817382,30.096203585394782,26.47213519023998,28.874352278593552,29.608362112078247,33.875099180030034,30.3226855581761,25.65066146850586
2021-08-09,27.237708688505823,27.38649594272796,26.68224245297771,26.761594772338867,240900,0.0,0,-0.02423143910806791,1.024758477613784,28.08727617263794,29.641601613912048,26.53295073136383,28.49742869687953,29.608362112078247,33.870139601967374,30.3226855581761,26.04896354675293
2021-08-10,26.66240362623748,27.87252884894829,26.62272841291877,27.634471893310547,218400,0.0,0,0.032616782684188106,1.0581828021818922,28.010899543762207,29.494225778456837,26.527573309067577,28.08578861905476,29.34054789499619,33.67423837317479,30.421601713309336,26.28794479370117
2021-08-11,27.634471445895493,28.477589107329663,27.565038404780537,28.43791389465332,276000,0.0,0,0.029073904666774508,1.0889483080925488,28.007923793792724,29.487527781065513,26.528319806519935,28.08578861905476,28.84955539676892,33.20556405336782,30.500734535242252,26.81569480895996
2021-08-12,28.60653944908062,29.42982049743736,28.051073196334876,29.221519470214844,292500,0.0,0,0.027554959849176885,1.118954234999868,28.081324768066406,29.64725605049055,26.51539348564226,28.08578861905476,28.75532482891779,32.974946404070984,30.500734535242252,26.52692604064941
2021-08-13,29.10249249765962,30.005125885336906,28.953707127849597,29.0033016204834,321400,0.0,0,-0.007467710566997465,1.110598208635173,28.13439178466797,29.749537437079187,26.51924613225675,28.31392714912784,28.75532482891779,32.25333491566599,31.27722489859657,26.56675720214844
2021-08-16,28.626377504646328,28.96362533949659,27.545200956198467,27.5749568939209,212400,0.0,0,-0.04924765963726485,1.0559038460625518,28.155717658996583,29.728481562117512,26.582953755875653,28.31392714912784,28.75532482891779,32.16158331716146,32.8252579901302,27.383275985717773
2021-08-17,27.386496315317,27.99155704921189,27.088923694732827,27.5749568939209,381100,0.0,0,0.0,1.0559038460625518,28.119017124176025,29.710113021032846,26.527921227319204,28.31392714912784,28.492469482921663,32.14100098179302,32.8252579901302,27.6820011138916
2021-08-18,27.34681730935899,28.78508014582832,27.34681730935899,28.001474380493164,247300,0.0,0,0.015467566756787843,1.0722361092902735,28.081820583343507,29.646893513232417,26.516747653454598,28.31392714912784,28.492469482921663,31.821855732182073,32.8252579901302,27.4031925201416
2021-08-19,27.6245515280142,28.49742699760956,27.475766173094456,28.07090759277344,349100,0.0,0,0.0024796270130920117,1.0748948549112822,28.106618118286132,29.65421176587207,26.559024470700194,28.31392714912784,28.492469482921663,31.653232230759656,32.740914350764825,28.72754669189453
2021-08-20,27.981637175915274,28.765242978975877,27.71878297479397,27.882448196411133,402800,0.0,0,-0.006713690882257928,1.0676783431244783,28.147286224365235,29.624062136621227,26.670510312109244,28.31392714912784,28.492469482921663,31.29118705296098,32.37886917296615,27.99068832397461
2021-08-23,28.100666638715385,28.299048381814067,26.52353764599727,26.692161560058597,255100,0.0,0,-0.042689459260099816,1.022099731992775,28.107114124298096,29.693489506384736,26.520738742211456,28.264331765667087,28.492469482921663,31.083092096392406,32.37886917296615,28.36907386779785
2021-08-24,26.751675760457456,27.882448687421,26.444185756380996,27.75349998474121,252900,0.0,0,0.03976217595920639,1.0627406413841294,28.0004843711853,29.362838184203493,26.63813055816711,28.22465582085895,28.47263134969203,30.34432331183413,31.957309457195123,27.4231071472168
2021-08-25,27.813014837439734,28.29904802073057,27.237708168175928,27.317062377929688,158900,0.0,0,-0.01572549793905187,1.0460285156182967,27.945929622650148,29.32607639694344,26.565782848356857,28.22465582085895,28.47263134969203,30.297208027908564,31.957309457195123,27.98073005676269
2021-08-26,27.25754746524808,27.664228341803533,26.65248673461428,26.741756439208984,218900,0.0,0,-0.021060315006108055,1.0239988255740038,27.868560981750488,29.334837117312873,26.402284846188103,27.703905547938795,28.47263134969203,30.188627055775548,31.957309457195123,27.482852935791016
2021-08-27,26.731838705272047,27.58487566128696,26.66240377074809,27.36665725708008,341900,0.0,0,0.02336797956004344,1.0479276091995255,27.805078983306885,29.24223871280571,26.367919253808058,27.61463295110466,28.47263134969203,30.188627055775548,31.957309457195123,27.80149269104004
2021-08-30,27.317063220492905,27.93204322978496,27.27738611439223,27.66422843933105,251400,0.0,0,0.010873493954910662,1.0593222437233405,27.760443210601807,29.15582300375044,26.36506341745317,27.61463295110466,28.47263134969203,29.84146026216441,31.783726352088586,27.4231071472168
2021-08-31,27.594794466729137,27.78325693054664,26.156533473345117,26.30531883239746,309300,0.0,0,-0.049121543726178496,1.0072866998081709,27.627527904510497,29.045646290277478,26.209409518743517,27.4608882261605,28.32880520817409,29.449409673973587,31.783726352088586,28.080305099487305
2021-09-01,26.49378087290366,27.257548154793444,26.3846726125684,26.68224334716797,270100,0.0,0,0.014328832779866962,1.021719942491106,27.5923152923584,29.067092646101898,26.117537938614902,27.4608882261605,28.234574207063233,29.655477730007746,31.783726352088586,27.83136749267578
2021-09-02,27.01949031618532,27.01949031618532,26.097018420044225,26.33507537841797,182000,0.0,0,-0.013011198654960476,1.0084261413496196,27.52238597869873,29.09424647095818,25.95052548643928,27.19803340092915,28.051072152690566,29.484374262578488,31.783726352088586,27.50276756286621
2021-09-03,26.543376870554383,26.652487021211304,26.0970188832384,26.632648468017575,184300,0.0,0,0.01129949640635819,1.0198208489098772,27.482709884643555,29.10214428366878,25.86327548561833,27.198033220387398,28.051072152690566,29.48189498098387,31.783726352088586,27.16421127319336
2021-09-07,26.384672269296967,26.75167604440105,26.136696029720696,26.20612907409668,187500,0.0,0,-0.016014907208086737,1.0034885126457134,27.454936599731447,29.14129612222513,25.768577077237765,27.198033220387398,28.051072152690566,29.48189498098387,31.783726352088586,26.726078033447266
2021-09-08,26.12677574157715,26.404509800236827,25.839122406689427,26.12677574157715,186900,0.0,0,-0.003028044786590356,1.000449904486593,27.379551792144774,29.1602750901903,25.598828494099248,26.885582818237193,27.922124146013168,29.48189498098387,31.783726352088586,27.50276756286621
2021-09-09,25.92839485134065,26.87070531292097,25.92839485134065,26.47394371032715,165400,0.0,0,0.013287822890351242,1.0137437056280798,27.281353282928468,29.033872525539742,25.528834040317193,26.885582818237193,27.922124146013168,29.390143382479337,31.783726352088586,27.363361358642575
2021-09-10,26.85086615569211,26.94013775075576,25.928394267973463,26.01766586303711,180500,0.0,0,-0.01723497837279342,0.9962718547860244,27.12116060256958,28.71155051855187,25.530770686587292,26.885582818237193,27.922124146013168,29.369561047110903,31.783726352088586,28.15996551513672
2021-09-13,26.09701820248248,26.46402385935857,25.72505385339159,26.35491371154785,196600,0.0,0,0.01296226380514276,1.0091857933893997,26.988741207122803,28.35288854398256,25.62459387026305,26.754155391969114,27.865089869364247,29.124808467720513,31.783726352088586,28.388988494873047
2021-09-14,26.44418463635485,26.751674627407777,25.482037558849388,25.65066146850586,219200,0.0,0,-0.026721857288169115,0.9822184746412005,26.89252643585205,28.347171724797477,25.437881146906626,26.369792856821416,27.743581722093147,29.2413571953359,31.783726352088586,29.086017608642575
2021-09-15,25.590916931582427,26.17841282443355,25.451509871060768,26.04896354675293,227200,0.1,0,0.015527945692009215,0.9974703097731172,26.816226768493653,28.279841198555264,25.352612338432042,26.235500093623045,27.728317878198837,29.05289540447889,31.783726352088586,29.35487174987793
2021-09-16,26.12862406580169,26.49705443610229,25.889642973952483,26.28794479370117,188600,0.0,0,0.009174309239571521,1.006621410852267,26.730550289154053,28.103457118071564,25.35764346023654,26.195823810908266,27.728317878198837,28.713168257025476,31.783726352088586,30.171390533447266
2021-09-17,26.37756187530378,27.094505121897956,26.068878214871223,26.81569480895996,990200,0.0,0,0.020075742679787068,1.0268300832725015,26.667789649963378,27.895456470339294,25.440122829587462,26.273007496479362,27.728317878198837,28.46767200791184,31.783726352088586,30.90825080871582
2021-09-20,26.21824236594596,26.576714955442164,25.81994054386845,26.52692604064941,244300,0.0,0,-0.010768647628480066,1.0157725119314172,26.600013542175294,27.692850587266943,25.507176497083645,26.273007496479362,27.728317878198837,28.420556723986273,31.783726352088586,24.137113571166992
2021-09-21,26.65637534962256,26.83063180345951,26.08979022364283,26.56675720214844,222100,0.0,0,0.001501537020836663,1.0172977319628305,26.593743324279785,27.68582418141144,25.50166246714813,26.273007496479362,27.20756760527868,28.534625989022814,31.783726352088586,23.10152816772461
2021-09-22,26.825653442890324,27.557532436834823,26.6663327163682,27.383275985717773,166000,0.0,0,0.03073460480541068,1.0485639757241487,26.575232124328615,27.597650880108166,25.552813368549064,26.504521153947795,27.118295008444544,28.534625989022814,31.783726352088586,23.01190948486328
2021-09-23,27.602340752815405,28.593118274250127,27.532638174280336,27.6820011138916,175600,0.0,0,0.010909035439354842,1.0600027972957542,26.593479061126708,27.679939322047225,25.50701880020619,27.022314072655448,27.118295008444544,28.40319831602475,31.783726352088586,23.290719985961918
2021-09-24,27.323532154064274,27.75170733394976,27.213998438488098,27.4031925201416,133200,0.0,0,-0.01007183666393563,1.0493266222580766,26.62655086517334,27.768518608811313,25.484583121535366,27.022314072655448,27.10837642501832,28.40319831602475,31.783726352088586,25.202571868896484
2021-09-27,27.64217303977656,29.190573153543617,27.408169888399325,28.72754669189453,168600,0.0,0,0.0483284628526226,1.100038964942144,26.694595336914062,28.13234288637731,25.256847787450816,27.321041512302195,27.321041512302195,28.40319831602475,31.783726352088586,25.48138236999512
2021-09-28,28.727547182154552,29.01133735391125,27.980730540846825,27.99068832397461,141500,0.0,0,-0.025649888444105318,1.071823088207209,26.71091833114624,28.199405418365092,25.222431243927385,27.505256848706033,27.321041512302195,28.40319831602475,31.783726352088586,26.467180252075195
2021-09-29,28.19979535742021,28.87690939893077,27.801493538664847,28.36907386779785,158200,0.0,0,0.013518265054566214,1.0863122768051978,26.81410608291626,28.45580952444995,25.172402641382572,27.505256848706033,27.321041512302195,28.378400624294375,31.635350656033495,25.09303855895996
2021-09-30,28.408904855879424,28.408904855879424,27.31357343539221,27.4231071472168,141100,0.0,0,-0.03334499832420801,1.0500891957555618,26.8511492729187,28.512809340562818,25.189489205274583,27.505256848706033,27.321041512302195,28.34864358527549,31.472086883456623,25.49134063720703
2021-10-01,27.48285230450447,28.438776677198867,27.462936738593445,27.98073005676269,160500,0.0,0,0.020334052831882943,1.0714417649402448,26.933432006835936,28.647453753150273,25.2194102605216,27.640181688593223,27.321041512302195,28.34864358527549,31.472086883456623,26.81569480895996
2021-10-04,27.87119698371184,28.189838448595896,27.353403653648776,27.482852935791016,146800,0.0,0,-0.017793571503018857,1.0523769892844599,26.97594223022461,28.700269432423386,25.251615028025835,27.928452934955907,27.321041512302195,28.088268448815413,31.254924939190595,26.277986526489254
2021-10-05,27.55255382450109,28.110176353757545,27.261793410711867,27.80149269104004,182700,0.0,0,0.011594129473874837,1.0645783843535506,27.05571041107178,28.777788447378672,25.333632374764885,28.202285796015857,27.321041512302195,28.043632150398345,31.254924939190595,26.01909065246582
2021-10-06,27.4231071472168,27.76166226701002,26.96505863352089,27.4231071472168,138400,0.0,0,-0.013610259996765794,1.0500891957555618,27.12052698135376,28.794260051067784,25.446793911639734,28.077815893532254,27.321041512302195,28.043632150398345,31.180532405753514,26.427350997924805
2021-10-07,27.5923832463542,28.11017654815675,27.54259623240323,28.080305099487305,147400,0.0,0,0.02396511630656728,1.0752547054641135,27.20084505081177,28.897022603167535,25.504667498456,28.077815893532254,27.321041512302195,27.894846717167294,30.664740858471575,26.158496856689453
2021-10-08,28.150008954611124,28.17988040463448,27.74174934409985,27.83136749267578,92200,0.0,0,-0.008865203064195692,1.0657223541544423,27.2915301322937,28.91667551690424,25.66638474768316,27.98819799371607,27.321041512302195,27.847731216611866,30.654821702346254,25.640703201293945
2021-10-11,27.871196031835726,28.090261556648603,27.50276756286621,27.50276756286621,69800,0.0,0,-0.01180681940605488,1.053139562781945,27.34892282485962,28.917179425186195,25.780666224533046,27.92098401622583,27.321041512302195,27.624552776809857,30.282857240837288,25.12291145324707
2021-10-12,27.632215683928848,27.85128121462894,27.114422357634524,27.16421127319336,129000,0.0,0,-0.012309898954677045,1.0401755211789265,27.424600315093993,28.788431335235913,26.060769294952074,27.70191765535988,27.321041512302195,27.624552686538983,30.277898677648054,24.973546981811523
2021-10-13,27.12437985749396,27.224950996843763,26.347689876163223,26.726078033447266,125100,0.0,0,-0.01612906170327355,1.0233984660155968,27.45845603942871,28.712025502959452,26.20488657589797,27.393233276681045,27.321041512302195,27.624552686538983,30.277898677648054,25.541128158569336
2021-10-14,27.144294977487977,27.70191752199077,26.785822392109743,27.50276756286621,131900,0.0,0,0.029061111340277,1.0531395627819446,27.519197177886962,28.650521530692206,26.38787282508172,27.26876416237956,27.321041512302195,27.40385348212518,30.148950670970656,25.15278434753418
2021-10-15,28.130093568362,28.130093568362,27.333489908428145,27.363361358642575,105700,0.0,0,-0.005068806399391668,1.047801402226663,27.546580505371093,28.633643511618004,26.459517499124182,27.263785140398852,27.321041512302195,27.40385348212518,29.965447473961593,25.32206344604492
2021-10-18,27.363359995630116,28.448733615258888,27.293657416264512,28.15996551513672,147700,0.0,0,0.02911207238223823,1.0783050724904963,27.62823247909546,28.638481174848906,26.617983783342012,27.398211745711055,27.321041512302195,27.40385348212518,29.924282803224724,25.053207397460938
2021-10-19,28.209752207546323,28.71758772188777,28.140049628975444,28.388988494873047,134100,0.0,0,0.008132928274120932,1.0870748503026824,27.719344043731688,28.655419815567463,26.783268271895913,27.5326387990255,27.321041512302195,27.30962263066668,29.228958027353904,24.81422615051269
2021-10-20,28.349158757298905,29.22442946335765,28.349158757298905,29.086017608642575,133700,0.0,0,0.024552798487181393,1.113765580042647,27.80448112487793,28.900720308328754,26.708241941427108,27.786059669760437,27.337969667209208,27.05668728945728,29.107449880082804,23.957876205444336
2021-10-21,29.205508804394224,29.81292026851459,29.08601730845552,29.35487174987793,140500,0.0,0,0.009243415336291028,1.1240605778862462,27.888124656677245,29.175144854074237,26.601104459280254,28.080305072338906,27.81643040619152,26.98190898591094,29.092186036188494,23.99770736694336
2021-10-22,29.5141920631605,30.3107975932904,29.105932464929413,30.171390533447266,232000,0.0,0,0.027815443737127854,1.1553268216475645,28.02653455734253,29.63447771256312,26.41859140212194,28.32924373472681,28.065369068579425,26.96207084455355,28.82437181910644,22.105772018432617
2021-10-25,30.39045750668126,31.555491486632597,29.71334348082881,30.90825080871582,312900,0.0,0,0.024422483095424052,1.1835427714189422,28.135569763183593,30.1646301540233,26.106509372343886,28.95159068139791,28.687716015250523,27.0006626873391,28.333379320879175,21.79708671569824
2021-10-26,29.822878576630483,29.92245260920453,23.898132474334005,24.137113571166992,1351200,0.0,0,-0.21907215906373567,0.9242615011399171,27.94289102554321,30.62528749881721,25.26049455226921,27.7268119804833,27.7268119804833,27.0006626873391,28.23914875302804,22.753013610839844
2021-10-27,23.659150711299887,24.007665513254263,22.169500206992627,23.10152816772461,663000,0.0,0,-0.04290427686761367,0.8846067297969339,27.67951374053955,31.087899918608137,24.271127562470966,26.862495846812614,26.862495846812614,26.74028755087902,28.23914875302804,22.71318244934082
2021-10-28,23.3504664960945,23.718894955858996,22.79284206627083,23.01190948486328,393600,0.0,0,-0.003879340025069622,0.8811750395035867,27.458953857421875,31.435396186406216,23.482511528437534,26.862495846812614,26.862495846812614,26.81140808119617,28.23914875302804,23.74876976013184
2021-10-29,22.93224930593866,23.669108130587315,22.93224930593866,23.290719985961918,254700,0.0,0,0.012115922030808912,0.891851287577707,27.224453353881835,31.588803534430347,22.86010317333332,26.862495846812614,26.862495846812614,27.070304540549998,27.976293407031918,23.76868438720703
2021-11-01,23.320594529707645,25.322063367866186,23.300678963337205,25.202571868896484,302600,0.0,0,0.08208642257890286,0.9650601692473493,27.11043930053711,31.561061472622953,22.659817128451266,26.862495846812614,26.862495846812614,27.065345248836884,27.976293407031918,24.495586395263672
2021-11-02,25.272272735811104,25.551084948305515,24.78435278838549,25.48138236999512,260600,0.0,0,0.011062779725379057,0.9757364173214698,26.994433784484862,31.488167036574392,22.50070053239533,26.862495846812614,26.862495846812614,27.321041512302195,27.976293407031918,24.276517868041992
2021-11-03,25.27227293128849,26.576713961268943,25.152783338761523,26.467180252075195,252100,0.0,0,0.038686985963558795,1.0134847184025186,26.946637439727784,31.44146268161623,22.451812197839338,26.862495846812614,26.862495846812614,27.413149180504114,27.976293407031918,24.24664688110352
2021-11-04,26.16845438867237,26.586671761296795,24.784352996348307,25.09303855895996,317500,0.0,0,-0.05191870384483033,0.960865905456517,26.797274112701416,31.330272397926382,22.26427582747645,26.862495846812614,26.862495846812614,27.413149180504114,27.976293407031918,23.519744873046875
2021-11-05,25.44155172371517,26.078836521641023,25.242401767506287,25.49134063720703,214600,0.0,0,0.015873011046916297,0.9761177405884335,26.680272769927978,31.22134446357827,22.139201076277686,26.04597640809858,26.862495846812614,27.413149180504114,27.976293407031918,23.459999084472656
2021-11-08,26.566755944263715,27.303614755854262,26.355655893359454,26.81569480895996,301100,0.0,0,0.051953100097839044,1.0268300832725008,26.645919132232667,31.17178778101847,22.120050483446864,24.736557481423446,26.862495846812614,27.48061160044771,27.976293407031918,23.71999931335449
2021-11-09,26.2381572948749,26.98497390535946,25.983243375232725,26.277986526489254,234200,0.0,0,-0.020051998887272604,1.0062400875853026,26.601607894897462,31.123621260903942,22.079594528890983,25.048228411062546,26.862495846812614,27.62474722362905,27.976293407031918,23.549999237060547
2021-11-10,26.188369165212947,26.88539878223122,25.849812139718694,26.01909065246582,183600,0.0,0,-0.00985219601062115,0.9963264130086676,26.56625852584839,31.094947914828108,22.037569136868672,25.117932030896462,26.862495846812614,27.761663654159026,27.976293407031918,24.049999237060547
2021-11-11,26.048962856996283,26.52692502519279,26.048962856996283,26.427350997924805,131500,0.0,0,0.015690799917340348,1.011959571407548,26.51248769760132,31.02069210299677,22.00428329220587,25.302146859595734,26.862495846812614,27.699428702917224,27.976293407031918,23.450000762939453
2021-11-12,26.487096088381566,26.64641681288363,26.00415407390496,26.158496856689453,77400,0.0,0,-0.010173329186737745,1.001664573563949,26.45224447250366,30.94537088655722,21.959118058450102,26.043983772119876,26.862495846812614,27.699428702917224,27.976293407031918,24.21999931335449
2021-11-15,26.28794387312653,26.28794387312653,25.51125582662856,25.640703201293945,117100,0.0,0,-0.01979447283352187,0.981837151374236,26.326281356811524,30.761091134707137,21.891471578915912,26.043983876101287,26.862495846812614,27.654619753009133,27.882062405921058,24.530000686645508
2021-11-16,25.3618925514634,25.62178632380462,25.06814459546257,25.12291145324707,147000,0.0,0,-0.020194132118059316,0.9620098022209657,26.162977504730225,30.52098392455893,21.80497108490152,26.043983876101287,26.862495846812614,27.621012764264012,27.728317878198837,24.489999771118164
2021-11-17,25.28223064411612,25.28223064411612,24.72958605725844,24.973546981811523,142900,0.0,0,-0.005945348798984118,0.9562903183987203,25.95735397338867,30.126256823560322,21.78845112321702,26.01660040655635,26.862495846812614,27.511479583831036,27.728317878198837,24.81999969482422
2021-11-18,24.873971898554725,25.57100150725759,24.714651170723137,25.541128158569336,209400,0.0,0,0.02272729529254236,0.9780242108503673,25.76666679382324,29.631099693308677,21.902233894337805,26.0091329632887,26.862495846812614,27.35713739449162,27.728317878198837,24.76000022888184
2021-11-19,25.292189510824212,25.381807658440067,24.644948810795324,25.15278434753418,168900,0.0,0,-0.015204645958634466,0.9631536989854146,25.515736484527586,28.807030793111476,22.224442175943697,25.81496135807739,26.862495846812614,27.294902837340878,27.728317878198837,24.790000915527344
2021-11-22,25.391766029303717,26.248116393347058,24.933719396887103,25.32206344604492,298900,0.0,0,0.006730034185155054,0.969635756305145,25.236427116394044,27.391704549585757,23.08114968320233,25.765173796513274,26.862495846812614,27.292413326350523,27.728317878198837,24.440000534057617
2021-11-23,25.08308074520157,26.00913363338024,24.983504818652275,25.053207397460938,162800,0.0,0,-0.010617462086249252,0.9593406854251035,25.28223180770874,27.37965404522382,23.18480957019366,25.645682811839478,26.862495846812614,27.359626629006627,27.728317878198837,24.649999618530277
2021-11-24,24.64494764626521,25.27227275068072,24.03753620762666,24.81422615051269,191200,0.0,0,-0.009538948173656414,0.9501895843459535,25.367866706848144,27.22590474404754,23.509828669648748,25.341976510255144,26.862495846812614,27.426840155663847,27.728317878198837,25.149999618530277
2021-11-26,23.918046974041296,24.33626434966389,23.45004068509884,23.957876205444336,192400,0.0,0,-0.03451044331884845,0.9173981205532222,25.4151650428772,27.06530645979107,23.765023625963327,24.868992279112685,26.862495846812614,27.56201466848482,27.728317878198837,25.36000061035156
2021-11-29,24.256604018780845,24.625032481557103,23.838386642620733,23.99770736694336,348900,0.0,0,0.0016625497668265599,0.9189233405846351,25.45051441192627,26.937664350598087,23.963364473254455,24.84907853922295,26.862495846812614,27.948367739265215,27.728317878198837,24.290000915527344
2021-11-30,23.400253359468017,23.455020213764247,22.046025323244287,22.105772018432617,414400,0.0,0,-0.07883817064612042,0.8464771054489206,25.295674419403078,27.38473839981336,23.206610438992794,24.14707085829567,26.800758404938442,28.197306401653115,27.881153732175584,24.420000076293945
2021-12-01,22.72313961029669,23.10152775395661,21.757257484354103,21.79708671569824,308500,0.0,0,-0.013964013673758435,0.8346568875739084,25.11145963668823,27.6988930305891,22.52402624278736,24.00268693885058,25.839855046779316,28.819653348324216,28.503500678846684,23.739999771118164
2021-12-02,22.026112549871826,22.862545424617405,22.026112549871826,22.753013610839844,219400,0.0,0,0.04385571831730828,0.871261364926951,24.925751304626466,27.62914974429944,22.222352864953493,24.00268693885058,24.530436120104184,27.7268119804833,27.7268119804833,23.479999542236328
2021-12-03,22.9023765263493,23.151315401635703,22.563819504019555,22.71318244934082,267100,0.0,0,-0.0017505883915107656,0.8697361448955381,24.80675849914551,27.676472481069197,21.93704451722182,24.00268693885058,24.530436120104184,26.862495846812614,26.862495846812614,23.07999992370605
2021-12-06,23.24093421214,24.027580092889984,22.762972013766365,23.74876976013184,367700,0.0,0,0.045594108756039864,0.9093909892749641,24.719629955291747,27.60686436549689,21.832395545086605,23.883195558867172,24.530436120104184,26.862495846812614,26.862495846812614,22.8700008392334
2021-12-07,24.007665476949327,24.196857652628932,23.40025402015461,23.76868438720703,255200,0.0,0,0.0008385540504343147,0.9101535627724491,24.567279434204103,27.312600155146235,21.82195871326197,23.514765117517413,24.530436120104184,26.862495846812614,26.862495846812614,22.899999618530277
2021-12-08,23.87821713156164,24.545373412016588,23.629278249291183,24.495586395263672,181600,0.0,0,0.03058234087402334,0.9379881892768629,24.478159427642822,27.107607375637617,21.848711479648028,23.191144982955603,24.530436120104184,26.862495846812614,26.862495846812614,22.959999084472656
2021-12-09,24.38605157906002,24.804268958375484,24.20681528803156,24.276517868041992,162400,0.0,0,-0.00894318362854285,0.9295995886587555,24.39103078842163,26.92311031512292,21.858951261720343,23.280763221364793,24.530436120104184,26.862495846812614,26.862495846812614,22.01000022888184
2021-12-10,24.29643389655893,24.51550132276973,23.87821650927357,24.24664688110352,213600,0.0,0,-0.0012304477561749794,0.9284557649307491,24.281995582580567,26.63341378047531,21.930577384685826,23.280763221364793,24.530436120104184,26.862495846812614,26.862495846812614,21.649999618530277
2021-12-13,24.097282965649065,24.189886734699037,23.360422251645364,23.519744873046875,249500,0.0,0,-0.0299794858901975,0.9006211384263352,24.150057983398437,26.355571850694492,21.94454411610238,23.280763221364793,24.530436120104184,26.862495846812614,26.862495846812614,21.46999931335449
2021-12-14,23.20110242616212,24.057452765246754,23.15131541078632,23.459999084472656,349500,0.0,0,-0.0025402396538189986,0.898333344897437,24.041022777557373,26.15365745121203,21.928388103902716,23.415190754123657,24.530436120104184,26.454236127455594,26.862495846812614,21.31999969482422
2021-12-15,23.31999969482422,23.76000022888184,22.690000534057617,23.71999931335449,367000,0.1,0,0.011082704135905841,0.908289307574354,23.970877170562744,26.026967067864586,21.914787273260902,23.684044231197518,24.371115694856783,25.79952666411803,26.862495846812614,22.530000686645508
2021-12-16,23.940000534057617,24.21999931335449,23.440000534057617,23.549999237060547,362900,0.0,0,-0.007166951147348111,0.90177964247931,23.899699783325197,25.909566418950007,21.889833147700386,23.747134746216553,24.32132813329266,25.95536212893758,26.862495846812614,22.239999771118164
2021-12-17,23.549999237060547,24.18000030517578,23.1299991607666,24.049999237060547,856000,0.0,0,0.021231423193133425,0.9209257076957408,23.825143337249756,25.689787212016327,21.960499462483185,23.747134746216553,24.201837148618864,25.990213938854538,26.862495846812614,21.420000076293945
2021-12-20,23.649999618530277,23.68000030517578,22.950000762939453,23.450000762939453,228200,0.0,0,-0.024947962293342174,0.897950487865178,23.74000415802002,25.506258329910178,21.973749986129864,23.747134746216553,24.201837148618864,26.082321353204172,26.862495846812614,20.71999931335449
2021-12-21,23.84000015258789,24.5,23.84000015258789,24.21999931335449,166000,0.0,0,0.032835758011229954,0.9274353727907848,23.684900951385497,25.312136804786906,22.05766509798409,23.747134746216553,24.022600678740318,26.453239809466247,26.862495846812614,20.76000022888184
2021-12-22,24.200000762939453,24.549999237060547,23.90999984741211,24.530000686645508,116100,0.0,0,0.01279939645250483,0.9393059858112107,23.658740615844728,25.211473608658885,22.10600762303057,23.619999885559082,24.00268693885058,26.45323986145695,26.862495846812614,21.170000076293945
2021-12-23,24.82999992370605,24.850000381469727,24.489999771118164,24.489999771118164,119500,0.0,0,-0.0016306936162916452,0.9377742655364039,23.642529296875,25.152388774881107,22.132669818868894,23.770000457763672,24.00268693885058,26.45323986145695,26.862495846812614,22.190000534057617
2021-12-27,24.540000915527344,24.979999542236328,24.1200008392334,24.81999969482422,126200,0.0,0,0.01347488471989422,0.9504106656577904,23.685635471343993,25.27698022255724,22.094290720130747,23.835000038146973,24.00268693885058,26.439548126684482,26.862495846812614,20.920000076293945
2021-12-28,24.61000061035156,25.299999237060547,24.61000061035156,24.76000022888184,113600,0.0,0,-0.0024173838307859352,0.9481131582820228,23.723750114440918,25.37910256712334,22.068397661758496,23.994999885559082,24.00268693885058,26.435814405050657,26.862495846812614,21.309999465942383
2021-12-29,24.700000762939453,24.96999931335449,24.59000015258789,24.790000915527344,108600,0.0,0,0.001211659384821484,0.949261948488128,23.857961559295653,25.396765357688633,22.319157760902673,24.125,24.00268693885058,26.338728602445002,26.862495846812614,
2021-12-30,24.700000762939453,25.040000915527344,24.43000030517578,24.440000534057617,121900,0.0,0,-0.014118611074778187,0.935859688229338,23.990107250213622,25.217730138023732,22.762484362403512,24.125,23.883195558867172,26.313834821662944,26.862495846812614,
2021-12-31,24.549999237060547,24.780000686645508,24.32999992370605,24.649999618530277,177800,0.0,0,0.008592433710466585,0.9439010005627465,24.084956550598143,25.20267411469962,22.967238986496668,24.125,23.528628360707323,26.254089329326046,26.862495846812614,
2022-01-03,24.809999465942383,25.71999931335449,24.780000686645508,25.149999618530277,138200,0.0,0,0.020283975973132806,0.9630470657791773,24.206797409057618,25.225686855704964,23.18790796241027,24.77999973297119,23.738628398854296,26.10223617853388,26.862495846812614,
2022-01-04,25.209999084472656,25.549999237060547,25.0,25.36000061035156,144400,0.0,0,0.008349940159305458,0.9710884511490282,24.287358951568603,25.40017561134955,23.174542291787656,24.8149995803833,23.738628398854296,25.865744062962648,26.862495846812614,
2022-01-05,25.450000762939453,25.959999084472656,24.090999603271484,24.290000915527344,239600,0.0,0,-0.042192415972871045,0.9301158832716974,24.31342477798462,25.400264779265846,23.22658477670339,25.02549934387207,23.858628284413378,25.855787193017782,26.862495846812614,
2022-01-06,24.13999938964844,24.670000076293945,24.06999969482422,24.420000076293945,133100,0.0,0,0.005351961954167761,0.9350938280919346,24.309645462036134,25.3944268840713,23.224864040000966,25.014999389648438,23.858628284413378,25.473914631617056,26.800758404938442,
2022-01-07,24.1200008392334,24.53499984741211,23.670000076293945,23.739999771118164,176400,0.0,0,-0.02784604025599091,0.909055167711758,24.282819557189942,25.39602597694108,23.169613137438805,24.8149995803833,23.99305581717224,24.921270992814947,26.65637448549335,
2022-01-10,23.479999542236328,23.71999931335449,22.8700008392334,23.479999542236328,230800,0.0,0,-0.010951989527740014,0.8990992050348409,24.24448719024658,25.412107550665485,23.076866829827676,24.414999961853027,24.261909294246106,24.266561529477382,26.65637448549335,
2022-01-11,23.420000076293945,23.530000686645508,22.791000366210938,23.07999992370605,143600,0.0,0,-0.017035759213314683,0.8837823674689846,24.222499942779542,25.45917175977963,22.985828125779456,24.375499725341797,24.324999809265137,24.266561529477382,26.65637448549335,
2022-01-12,23.059999465942383,23.3439998626709,22.71500015258789,22.8700008392334,197600,0.0,0,-0.009098747190937284,0.8757410551355763,24.193000030517577,25.526468993749287,22.859531067285868,24.337499618530273,24.324999809265137,24.206815839485678,26.65637448549335,
2022-01-13,23.149999618530277,23.420000076293945,22.81999969482422,22.899999618530277,183200,0.0,0,0.0013117087099276947,0.8768897723052389,24.15200004577637,25.58871037487127,22.71528971668147,24.337499618530273,24.324999809265137,24.0226006188108,26.65637448549335,
2022-01-14,22.559999465942383,23.09499931335449,22.559999465942383,22.959999084472656,192400,0.0,0,0.002620064058596272,0.8791872796810065,24.122500038146974,25.63068676296946,22.614313313324487,24.25999927520752,24.25999927520752,23.860790551529895,26.65637448549335,
2022-01-18,22.76000022888184,23.0049991607666,21.959999084472656,22.01000022888184,202000,0.0,0,-0.041376258426477075,0.8428097995916538,24.020500087738036,25.79075284532226,22.25024733015381,23.959999084472656,23.959999084472656,23.90559967073449,26.65637448549335,
2022-01-19,22.01000022888184,22.450000762939453,21.540000915527344,21.649999618530277,182900,0.0,0,-0.016356229287047608,0.8290246092641621,23.930500030517578,25.972898456554578,21.88810160448058,23.105000495910645,23.75,23.90559967073449,26.65637448549335,
2022-01-20,21.739999771118164,22.530000686645508,21.38999938964844,21.46999931335449,148600,0.0,0,-0.008314102002187851,0.8221320141004159,23.79300003051758,26.095620480943627,21.49037958009153,22.962499618530273,23.674999237060547,23.90559967073449,26.65637448549335,
2022-01-21,21.32999992370605,22.239999771118164,21.0,21.31999969482422,259300,0.0,0,-0.006986475236492873,0.8163882091427753,23.632499980926514,26.147376709553882,21.117623252299147,22.359999656677246,23.479999542236328,23.97281343711392,26.65637448549335,
2022-01-24,20.799999237060547,22.670000076293945,20.67099952697754,22.530000686645508,303400,0.0,0,0.056754268721450174,0.8627217249454878,23.53450002670288,26.060932211772162,21.008067841633597,22.100500106811523,23.315499305725098,24.02757996302715,26.65637448549335,
2022-01-25,22.21999931335449,22.489999771118164,21.600000381469727,22.239999771118164,259300,0.0,0,-0.01287176683040403,0.8516169720624656,23.40550003051758,25.919513163934333,20.891486897100826,22.045499801635742,23.315499305725098,24.034231439754606,26.65637448549335,
2022-01-26,22.59000015258789,22.71999931335449,21.197999954223636,21.420000076293945,181800,0.0,0,-0.03687049025464051,0.82021743679335,23.238500022888182,25.81407899430808,20.662921051468285,22.045499801635742,23.315499305725098,23.97448594741771,26.65637448549335,
2022-01-27,21.420000076293945,21.57999992370605,20.49099922180176,20.71999931335449,193300,0.0,0,-0.032679774063780975,0.7934129162757698,23.034999942779542,25.729791166195774,20.34020871936331,21.792999267578125,23.225499153137207,23.97448594741771,26.65637448549335,
2022-01-28,20.8799991607666,20.940000534057617,20.09000015258789,20.76000022888184,422600,0.0,0,0.0019305461801617518,0.794944636550577,22.850999927520753,25.63888844725773,20.063111407783776,21.547499656677246,23.024999618530273,23.884867712478435,26.65637448549335,
2022-01-31,20.479999542236328,21.209999084472656,20.100000381469727,21.170000076293945,508200,0.0,0,0.01974951073659925,0.8106444041851346,22.676999950408934,25.427793599297353,19.926206301520516,21.40499973297119,23.024999618530273,23.81134341220483,26.65637448549335,
2022-02-01,21.100000381469727,22.25,20.76000022888184,22.190000534057617,318000,0.0,0,0.0481814102072613,0.8497023947553995,22.528999996185302,25.036928993077698,20.021070999292906,21.40499973297119,23.024999618530273,23.886343698307126,26.65637448549335,
2022-02-02,22.190000534057617,22.34000015258789,20.549999237060547,20.920000076293945,610200,0.0,0,-0.05723300708417978,0.8010713715769192,22.306999969482423,24.541591105751472,20.072408833213373,21.40499973297119,23.024999618530273,23.918843488498776,26.65637448549335,
2022-02-03,20.90999984741211,21.61000061035156,20.90999984741211,21.309999465942383,350500,0.0,0,0.018642418175245368,0.8160052790740735,22.157999897003172,24.23394099599929,20.082058798007054,21.40499973297119,23.024999618530273,23.99884341220483,26.65637448549335,
